country,year,military_expenditure_pct_gdp,military_expenditure_per_capita_usd,military_expenditure_constant_usd,source_id,source_dataset,constant_price_base_year
France,1949,,,15045352377.538591,D01,SIPRI Military Expenditure Database v1.2,2024
France,1950,4.654181148916357,,16267573153.908766,D01,SIPRI Military Expenditure Database v1.2,2024
France,1951,5.98686277465438,,21788409718.737465,D01,SIPRI Military Expenditure Database v1.2,2024
France,1952,7.227919985773449,,27677916277.56499,D01,SIPRI Military Expenditure Database v1.2,2024
France,1953,7.571529048962207,,30826909961.1743,D01,SIPRI Military Expenditure Database v1.2,2024
France,1954,6.120785647087235,,26277341422.616714,D01,SIPRI Military Expenditure Database v1.2,2024
France,1955,5.384834805784858,,24487473426.56062,D01,SIPRI Military Expenditure Database v1.2,2024
France,1956,6.460392924756595,,31297988811.286545,D01,SIPRI Military Expenditure Database v1.2,2024
France,1957,6.160596439253867,,33502953495.557644,D01,SIPRI Military Expenditure Database v1.2,2024
France,1958,5.687529766452304,,30860457351.89518,D01,SIPRI Military Expenditure Database v1.2,2024
France,1959,5.63524691636675,,31558358754.51367,D01,SIPRI Military Expenditure Database v1.2,2024
France,1960,5.428485884930528,,32393097731.942955,D01,SIPRI Military Expenditure Database v1.2,2024
France,1961,5.295607538767162,,33665072924.936024,D01,SIPRI Military Expenditure Database v1.2,2024
France,1962,5.158871349531874,,34792107811.196495,D01,SIPRI Military Expenditure Database v1.2,2024
France,1963,4.740085717498635,,34148625113.274067,D01,SIPRI Military Expenditure Database v1.2,2024
France,1964,4.540250266698753,,35152351826.41718,D01,SIPRI Military Expenditure Database v1.2,2024
France,1965,4.395319513766133,,35660688846.6378,D01,SIPRI Military Expenditure Database v1.2,2024
France,1966,4.290103274243857,,36735090975.564514,D01,SIPRI Military Expenditure Database v1.2,2024
France,1967,4.295245946918958,,38641460183.337685,D01,SIPRI Military Expenditure Database v1.2,2024
France,1968,4.136846037776816,,38687230734.86738,D01,SIPRI Military Expenditure Database v1.2,2024
France,1969,3.6797517267576607,,37004958061.13938,D01,SIPRI Military Expenditure Database v1.2,2024
France,1970,3.4585577173322593,,37211508424.510605,D01,SIPRI Military Expenditure Database v1.2,2024
France,1971,3.3160930482422266,,37720936510.713905,D01,SIPRI Military Expenditure Database v1.2,2024
France,1972,3.2303045904312864,,38707659620.23533,D01,SIPRI Military Expenditure Database v1.2,2024
France,1973,3.143719204796976,,40120109018.575676,D01,SIPRI Military Expenditure Database v1.2,2024
France,1974,3.0864405807862436,,39971561723.17772,D01,SIPRI Military Expenditure Database v1.2,2024
France,1975,3.197145464028503,,41764719411.33194,D01,SIPRI Military Expenditure Database v1.2,2024
France,1976,3.156139584233468,,43571066404.427536,D01,SIPRI Military Expenditure Database v1.2,2024
France,1977,3.231568610344183,,45947649907.74334,D01,SIPRI Military Expenditure Database v1.2,2024
France,1978,3.1514873141178095,,48551895205.22943,D01,SIPRI Military Expenditure Database v1.2,2024
France,1979,3.1393954430751427,,49682347907.59111,D01,SIPRI Military Expenditure Database v1.2,2024
France,1980,3.155205084919151,,50668979885.90036,D01,SIPRI Military Expenditure Database v1.2,2024
France,1981,3.2461326104641635,,51929679430.30223,D01,SIPRI Military Expenditure Database v1.2,2024
France,1982,3.223839133837304,,52922124416.87366,D01,SIPRI Military Expenditure Database v1.2,2024
France,1983,3.2371317747522528,,53903839983.1824,D01,SIPRI Military Expenditure Database v1.2,2024
France,1984,3.1873692509231404,,53583818784.74578,D01,SIPRI Military Expenditure Database v1.2,2024
France,1985,3.143932802297262,,53520791316.00675,D01,SIPRI Military Expenditure Database v1.2,2024
France,1986,3.0857650157534593,,55093029858.189255,D01,SIPRI Military Expenditure Database v1.2,2024
France,1987,3.1204516051351696,,56706507123.13717,D01,SIPRI Military Expenditure Database v1.2,2024
France,1988,3.000340589070423,539.6238833774736,56677608147.14567,D01,SIPRI Military Expenditure Database v1.2,2024
France,1989,2.9178346587350723,524.8391951197699,57372377434.407745,D01,SIPRI Military Expenditure Database v1.2,2024
France,1990,2.8446395949775853,629.308307561053,57118609698.899185,D01,SIPRI Military Expenditure Database v1.2,2024
France,1991,2.849219253422084,627.8151344754416,57490581266.5238,D01,SIPRI Military Expenditure Database v1.2,2024
France,1992,2.7275681658862894,660.2046860469757,55681828950.29225,D01,SIPRI Military Expenditure Database v1.2,2024
France,1993,2.721684413845939,620.0235396206633,55064926996.347115,D01,SIPRI Military Expenditure Database v1.2,2024
France,1994,2.6907323830696317,643.9876789746309,55348219280.98206,D01,SIPRI Military Expenditure Database v1.2,2024
France,1995,2.515422262801582,690.6377373735666,52608275641.890564,D01,SIPRI Military Expenditure Database v1.2,2024
France,1996,2.437663264349122,668.7169476188923,51356910921.895676,D01,SIPRI Military Expenditure Database v1.2,2024
France,1997,2.3939569675418926,593.3909036945274,51542457498.95197,D01,SIPRI Military Expenditure Database v1.2,2024
France,1998,2.2468089386267014,573.3314596470481,50172469611.35706,D01,SIPRI Military Expenditure Database v1.2,2024
France,1999,2.198153299223077,554.9725033665147,50594526564.60513,D01,SIPRI Military Expenditure Database v1.2,2024
France,2000,2.092189010263088,480.37512877087755,50022242029.36357,D01,SIPRI Military Expenditure Database v1.2,2024
France,2001,2.041484152809439,468.66296726865716,49868029907.36571,D01,SIPRI Military Expenditure Database v1.2,2024
France,2002,2.0585726401816538,511.04869800311,50892619571.601875,D01,SIPRI Military Expenditure Database v1.2,2024
France,2003,2.1064709567845976,638.5423924145691,52427785613.1684,D01,SIPRI Military Expenditure Database v1.2,2024
France,2004,2.1141663385940346,731.8845712199548,53859124002.998085,D01,SIPRI Military Expenditure Database v1.2,2024
France,2005,2.028137017327435,724.0320999562571,52755151157.94879,D01,SIPRI Military Expenditure Database v1.2,2024
France,2006,1.9773774477567914,741.1007901670888,52998230900.97345,D01,SIPRI Military Expenditure Database v1.2,2024
France,2007,1.9109577778942854,815.2156000569549,52978256701.09496,D01,SIPRI Military Expenditure Database v1.2,2024
France,2008,1.899345046791716,887.885541819373,52593243031.4527,D01,SIPRI Military Expenditure Database v1.2,2024
France,2009,2.0987779145303422,900.2036731136799,56484423075.35732,D01,SIPRI Military Expenditure Database v1.2,2024
France,2010,1.968643750394963,823.4767876620617,53806845118.261604,D01,SIPRI Military Expenditure Database v1.2,2024
France,2011,1.8879461498149448,852.4382616523936,52206729848.7495,D01,SIPRI Military Expenditure Database v1.2,2024
France,2012,1.871544094632217,785.8790854206472,51404783163.45059,D01,SIPRI Military Expenditure Database v1.2,2024
France,2013,1.8471164836185918,809.9436909258503,51071734869.17262,D01,SIPRI Military Expenditure Database v1.2,2024
France,2014,1.8595290655689882,824.2089742289253,51960539036.81272,D01,SIPRI Military Expenditure Database v1.2,2024
France,2015,1.8697326820440212,704.4087107270954,53381982543.970924,D01,SIPRI Military Expenditure Database v1.2,2024
France,2016,1.851718096161194,703.7568945254043,53500063537.55757,D01,SIPRI Military Expenditure Database v1.2,2024
France,2017,1.8523088187904029,735.7975807407345,54391084170.55937,D01,SIPRI Military Expenditure Database v1.2,2024
France,2018,1.8460425714458935,785.1906851017861,54701000108.94787,D01,SIPRI Military Expenditure Database v1.2,2024
France,2019,1.8528852069651314,768.5649648035866,56073561440.85735,D01,SIPRI Military Expenditure Database v1.2,2024
France,2020,2.0216745528423226,813.355461539974,58039151683.87495,D01,SIPRI Military Expenditure Database v1.2,2024
France,2021,1.9802222580793456,890.1141194253331,60510285344.94083,D01,SIPRI Military Expenditure Database v1.2,2024
France,2022,1.958781267742106,827.2786762792268,60193327247.225555,D01,SIPRI Military Expenditure Database v1.2,2024
France,2023,1.9481758891564127,896.95399612131,60793843583.62721,D01,SIPRI Military Expenditure Database v1.2,2024
France,2024,2.0115758077871093,956.065736255534,63574699212.50005,D01,SIPRI Military Expenditure Database v1.2,2024
France,2025,2.0266296920856375,1021.1210159631445,64515088591.70501,D01,SIPRI Military Expenditure Database v1.2,2024
Germany,1949,,,,D01,SIPRI Military Expenditure Database v1.2,2024
Germany,1950,,,,D01,SIPRI Military Expenditure Database v1.2,2024
Germany,1951,,,,D01,SIPRI Military Expenditure Database v1.2,2024
Germany,1952,,,,D01,SIPRI Military Expenditure Database v1.2,2024
Germany,1953,3.9479629788511295,,19577730927.632885,D01,SIPRI Military Expenditure Database v1.2,2024
Germany,1954,3.7229016846787526,,19821409145.89863,D01,SIPRI Military Expenditure Database v1.2,2024
Germany,1955,3.826138651899348,,22903042144.85793,D01,SIPRI Military Expenditure Database v1.2,2024
Germany,1956,3.395179393865215,,21812367756.434715,D01,SIPRI Military Expenditure Database v1.2,2024
Germany,1957,3.880059796043596,,26546265426.227028,D01,SIPRI Military Expenditure Database v1.2,2024
Germany,1958,2.7772655559103336,,19885870637.207798,D01,SIPRI Military Expenditure Database v1.2,2024
Germany,1959,4.148519220408527,,31860281133.64592,D01,SIPRI Military Expenditure Database v1.2,2024
Germany,1960,3.752395297128651,,34303831592.294117,D01,SIPRI Military Expenditure Database v1.2,2024
Germany,1961,3.7225775137167156,,36474036840.91515,D01,SIPRI Military Expenditure Database v1.2,2024
Germany,1962,4.475135268904965,,46373183922.46331,D01,SIPRI Military Expenditure Database v1.2,2024
Germany,1963,4.876583265409494,,52060369178.70616,D01,SIPRI Military Expenditure Database v1.2,2024
Germany,1964,4.363985176733836,,49919998077.41655,D01,SIPRI Military Expenditure Database v1.2,2024
Germany,1965,4.072116568974123,,49251865728.4474,D01,SIPRI Military Expenditure Database v1.2,2024
Germany,1966,3.8911832086571216,,48341788494.829865,D01,SIPRI Military Expenditure Database v1.2,2024
Germany,1967,4.058782482654523,,50287845287.04308,D01,SIPRI Military Expenditure Database v1.2,2024
Germany,1968,3.3906038798747034,,44633105356.54967,D01,SIPRI Military Expenditure Database v1.2,2024
Germany,1969,3.3828754597726065,,48955587457.1003,D01,SIPRI Military Expenditure Database v1.2,2024
Germany,1970,2.998671695643579,,49512757608.84482,D01,SIPRI Military Expenditure Database v1.2,2024
Germany,1971,3.046034139112616,,53045844460.450615,D01,SIPRI Military Expenditure Database v1.2,2024
Germany,1972,3.152830999241273,,56743574900.15694,D01,SIPRI Military Expenditure Database v1.2,2024
Germany,1973,3.144977325381358,,58920939434.18337,D01,SIPRI Military Expenditure Database v1.2,2024
Germany,1974,3.2460309137962446,,61534181590.16805,D01,SIPRI Military Expenditure Database v1.2,2024
Germany,1975,3.2680034610604447,,61255324776.37596,D01,SIPRI Military Expenditure Database v1.2,2024
Germany,1976,3.1210380249017415,,60812889561.53074,D01,SIPRI Military Expenditure Database v1.2,2024
Germany,1977,3.0242158535871986,,60552050569.144104,D01,SIPRI Military Expenditure Database v1.2,2024
Germany,1978,3.035315027215661,,63126716166.72082,D01,SIPRI Military Expenditure Database v1.2,2024
Germany,1979,2.9504479185116694,,64007956799.17273,D01,SIPRI Military Expenditure Database v1.2,2024
Germany,1980,2.947628419803119,,64866706462.93649,D01,SIPRI Military Expenditure Database v1.2,2024
Germany,1981,3.0277852154250318,,65628908342.74111,D01,SIPRI Military Expenditure Database v1.2,2024
Germany,1982,3.020236296785992,,64782006754.86481,D01,SIPRI Military Expenditure Database v1.2,2024
Germany,1983,3.0129485326696948,,65344393264.686264,D01,SIPRI Military Expenditure Database v1.2,2024
Germany,1984,2.912666072996532,,64687153953.787704,D01,SIPRI Military Expenditure Database v1.2,2024
Germany,1985,2.8540935535133447,,64825307329.466156,D01,SIPRI Military Expenditure Database v1.2,2024
Germany,1986,2.7773996495377764,,66544985065.767975,D01,SIPRI Military Expenditure Database v1.2,2024
Germany,1987,2.759453648275436,,67736037042.94479,D01,SIPRI Military Expenditure Database v1.2,2024
Germany,1988,2.6286733401781137,420.8621766092954,67193338975.04292,D01,SIPRI Military Expenditure Database v1.2,2024
Germany,1989,2.520696580260114,400.378911640192,67009577087.95435,D01,SIPRI Military Expenditure Database v1.2,2024
Germany,1990,2.5067636118122167,499.52232361406055,70619366314.08,D01,SIPRI Military Expenditure Database v1.2,2024
Germany,1991,1.9738225034875359,462.5740479547783,65354304324.53483,D01,SIPRI Military Expenditure Database v1.2,2024
Germany,1992,1.836079729995405,488.0368587119609,62155578668.96058,D01,SIPRI Military Expenditure Database v1.2,2024
Germany,1993,1.6772597330502976,428.86603144170715,55876654045.38636,D01,SIPRI Military Expenditure Database v1.2,2024
Germany,1994,1.5366036133542,416.7889083922275,52110818481.24494,D01,SIPRI Military Expenditure Database v1.2,2024
Germany,1995,1.4872724687462073,470.9892947668859,51253292203.01478,D01,SIPRI Military Expenditure Database v1.2,2024
Germany,1996,1.4573717528316714,444.6189727108778,50251178090.52198,D01,SIPRI Military Expenditure Database v1.2,2024
Germany,1997,1.402707590519294,377.87125362902196,48396286498.65258,D01,SIPRI Military Expenditure Database v1.2,2024
Germany,1998,1.381656989091395,376.8238894210453,48563441886.96484,D01,SIPRI Military Expenditure Database v1.2,2024
Germany,1999,1.3803477990625905,374.4618487147939,49545202260.24038,D01,SIPRI Military Expenditure Database v1.2,2024
Germany,2000,1.3442158195397242,323.4371672972227,48763546997.16088,D01,SIPRI Military Expenditure Database v1.2,2024
Germany,2001,1.3078982689864689,314.2270576943306,47962070004.00286,D01,SIPRI Military Expenditure Database v1.2,2024
Germany,2002,1.313440334269445,336.656578671333,48092533545.077835,D01,SIPRI Military Expenditure Database v1.2,2024
Germany,2003,1.2986963477858027,400.8798763758372,47435302054.49631,D01,SIPRI Military Expenditure Database v1.2,2024
Germany,2004,1.2507280811721702,434.48441454848205,45982114170.5608,D01,SIPRI Military Expenditure Database v1.2,2024
Germany,2005,1.2327558382168182,434.57223365384334,45266854230.76625,D01,SIPRI Military Expenditure Database v1.2,2024
Germany,2006,1.1789865137788622,437.9079252047911,44461318426.051346,D01,SIPRI Military Expenditure Database v1.2,2024
Germany,2007,1.1527923625807366,493.4891540208912,44529323710.253365,D01,SIPRI Military Expenditure Database v1.2,2024
Germany,2008,1.1890537137737132,557.5895876758436,45582159387.922104,D01,SIPRI Military Expenditure Database v1.2,2024
Germany,2009,1.2852535114696648,551.8694084468526,47308408717.12738,D01,SIPRI Military Expenditure Database v1.2,2024
Germany,2010,1.2421901455304636,532.6334640090902,47423515340.74336,D01,SIPRI Military Expenditure Database v1.2,2024
Germany,2011,1.1827246979333141,559.6590780494752,46462092485.38952,D01,SIPRI Military Expenditure Database v1.2,2024
Germany,2012,1.2177379897687977,541.2741399303853,47789727135.08323,D01,SIPRI Military Expenditure Database v1.2,2024
Germany,2013,1.1624622533560325,546.8976602681005,46023101094.56955,D01,SIPRI Military Expenditure Database v1.2,2024
Germany,2014,1.1279639936069052,551.0205679153214,46077631704.64238,D01,SIPRI Military Expenditure Database v1.2,2024
Germany,2015,1.1149197772616397,468.0397474642754,46868792721.68575,D01,SIPRI Military Expenditure Database v1.2,2024
Germany,2016,1.1294431038961446,483.80911135395223,48902680632.670265,D01,SIPRI Military Expenditure Database v1.2,2024
Germany,2017,1.130582099000633,513.17717592123,50305328104.13298,D01,SIPRI Military Expenditure Database v1.2,2024
Germany,2018,1.1471718651263967,558.8091742622073,51693567321.49897,D01,SIPRI Military Expenditure Database v1.2,2024
Germany,2019,1.239307038176226,587.8432994453191,56704668391.86641,D01,SIPRI Military Expenditure Database v1.2,2024
Germany,2020,1.3555576807159087,638.8241714992133,60418430862.471436,D01,SIPRI Military Expenditure Database v1.2,2024
Germany,2021,1.297748170999962,675.8961788902374,59887722771.15052,D01,SIPRI Military Expenditure Database v1.2,2024
Germany,2022,1.3360197924996053,669.9945045279277,62499508802.80454,D01,SIPRI Military Expenditure Database v1.2,2024
Germany,2023,1.5033264680717937,812.6083273626206,70204605231.40712,D01,SIPRI Military Expenditure Database v1.2,2024
Germany,2024,1.8385782299253632,1017.1522807932183,86148285078.5157,D01,SIPRI Military Expenditure Database v1.2,2024
Germany,2025,2.268510925145227,1345.662842966112,106727248239.93509,D01,SIPRI Military Expenditure Database v1.2,2024
Italy,1949,,,6342934424.394118,D01,SIPRI Military Expenditure Database v1.2,2024
Italy,1950,,,7487930874.8427305,D01,SIPRI Military Expenditure Database v1.2,2024
Italy,1951,3.777089896114113,,8482649160.994013,D01,SIPRI Military Expenditure Database v1.2,2024
Italy,1952,3.9941207381585535,,9493947052.82052,D01,SIPRI Military Expenditure Database v1.2,2024
Italy,1953,3.3275570628035114,,8624516882.132706,D01,SIPRI Military Expenditure Database v1.2,2024
Italy,1954,3.5321933089725435,,9459581069.752289,D01,SIPRI Military Expenditure Database v1.2,2024
Italy,1955,3.2516790367082384,,9318891556.454128,D01,SIPRI Military Expenditure Database v1.2,2024
Italy,1956,3.166196209595431,,9593370093.059765,D01,SIPRI Military Expenditure Database v1.2,2024
Italy,1957,3.085873779290685,,9897309481.295616,D01,SIPRI Military Expenditure Database v1.2,2024
Italy,1958,3.0421335309775484,,10190412311.533682,D01,SIPRI Military Expenditure Database v1.2,2024
Italy,1959,2.9538941038853066,,10507013568.024912,D01,SIPRI Military Expenditure Database v1.2,2024
Italy,1960,2.7138259882857474,,11033597989.200165,D01,SIPRI Military Expenditure Database v1.2,2024
Italy,1961,2.573869075304956,,11332121803.108004,D01,SIPRI Military Expenditure Database v1.2,2024
Italy,1962,2.6338383568595503,,12533659723.171062,D01,SIPRI Military Expenditure Database v1.2,2024
Italy,1963,2.753437953608758,,13948867895.465418,D01,SIPRI Military Expenditure Database v1.2,2024
Italy,1964,2.7273558982660924,,14284743159.821537,D01,SIPRI Military Expenditure Database v1.2,2024
Italy,1965,2.7475801622298435,,14825703259.86573,D01,SIPRI Military Expenditure Database v1.2,2024
Italy,1966,2.9887199805542055,,15909720144.747776,D01,SIPRI Military Expenditure Database v1.2,2024
Italy,1967,2.7677469403359964,,15628353408.987675,D01,SIPRI Military Expenditure Database v1.2,2024
Italy,1968,2.6489615918823235,,15817448633.887703,D01,SIPRI Military Expenditure Database v1.2,2024
Italy,1969,2.4224008269415154,,15611741243.376526,D01,SIPRI Military Expenditure Database v1.2,2024
Italy,1970,2.0582100542782604,,16478721139.043478,D01,SIPRI Military Expenditure Database v1.2,2024
Italy,1971,2.238970947217304,,18519334687.973328,D01,SIPRI Military Expenditure Database v1.2,2024
Italy,1972,2.391176016295481,,20554450071.72661,D01,SIPRI Military Expenditure Database v1.2,2024
Italy,1973,2.195817414277639,,20521021367.672855,D01,SIPRI Military Expenditure Database v1.2,2024
Italy,1974,2.0706267739895687,,20498489276.238346,D01,SIPRI Military Expenditure Database v1.2,2024
Italy,1975,1.9752321680361746,,19086605932.429893,D01,SIPRI Military Expenditure Database v1.2,2024
Italy,1976,1.8281436688527202,,19028006391.009254,D01,SIPRI Military Expenditure Database v1.2,2024
Italy,1977,1.890808512188237,,20361046968.825207,D01,SIPRI Military Expenditure Database v1.2,2024
Italy,1978,1.8797551045681822,,21241740855.56118,D01,SIPRI Military Expenditure Database v1.2,2024
Italy,1979,1.8739594666396784,,22604145786.556477,D01,SIPRI Military Expenditure Database v1.2,2024
Italy,1980,1.7636432370897224,,22027509187.874077,D01,SIPRI Military Expenditure Database v1.2,2024
Italy,1981,1.8211125060357314,,23164954082.150963,D01,SIPRI Military Expenditure Database v1.2,2024
Italy,1982,2.0053729031431047,,25845017229.652016,D01,SIPRI Military Expenditure Database v1.2,2024
Italy,1983,2.0165014199204596,,26409943841.940147,D01,SIPRI Military Expenditure Database v1.2,2024
Italy,1984,2.008607773606453,,27189590868.272205,D01,SIPRI Military Expenditure Database v1.2,2024
Italy,1985,1.9363689201663477,,26918122323.299656,D01,SIPRI Military Expenditure Database v1.2,2024
Italy,1986,1.9771426421066667,,28742576574.224663,D01,SIPRI Military Expenditure Database v1.2,2024
Italy,1987,2.0603536440041372,,31273779210.976646,D01,SIPRI Military Expenditure Database v1.2,2024
Italy,1988,2.072857459244836,305.8347786960155,33221881142.580315,D01,SIPRI Military Expenditure Database v1.2,2024
Italy,1989,2.0264273198953564,310.3573091341995,33484071241.79636,D01,SIPRI Military Expenditure Database v1.2,2024
Italy,1990,1.8807984132591955,363.75607567506876,32206119824.613377,D01,SIPRI Military Expenditure Database v1.2,2024
Italy,1991,1.8588526837555372,378.2887749137743,32660138630.35512,D01,SIPRI Military Expenditure Database v1.2,2024
Italy,1992,1.7519769834748697,388.4629307791356,31721473262.278797,D01,SIPRI Military Expenditure Database v1.2,2024
Italy,1993,1.7867679733127004,319.1359058389637,31890633095.341557,D01,SIPRI Military Expenditure Database v1.2,2024
Italy,1994,1.7137427595510124,315.8828289124189,31102214235.366016,D01,SIPRI Military Expenditure Database v1.2,2024
Italy,1995,1.459637176762247,298.05816727721145,28405699787.78027,D01,SIPRI Military Expenditure Database v1.2,2024
Italy,1996,1.581427835426431,363.85150331352776,31299658717.138435,D01,SIPRI Military Expenditure Database v1.2,2024
Italy,1997,1.6189352379289548,352.5218424941037,32819405319.365185,D01,SIPRI Military Expenditure Database v1.2,2024
Italy,1998,1.6362128225654384,364.065052515173,33905102388.491207,D01,SIPRI Military Expenditure Database v1.2,2024
Italy,1999,1.67522558920443,367.2361290765926,35231371387.14543,D01,SIPRI Military Expenditure Database v1.2,2024
Italy,2000,1.7333974080779007,347.20917268939536,37581295652.46348,D01,SIPRI Military Expenditure Database v1.2,2024
Italy,2001,1.6668744423050454,340.70277378800625,36964133101.8917,D01,SIPRI Military Expenditure Database v1.2,2024
Italy,2002,1.6939425489348274,377.00734944038646,37974449319.46878,D01,SIPRI Military Expenditure Database v1.2,2024
Italy,2003,1.6983995123575624,466.33564282799705,38283280954.89199,D01,SIPRI Military Expenditure Database v1.2,2024
Italy,2004,1.6722893140331787,522.1195362170707,38408679399.89046,D01,SIPRI Military Expenditure Database v1.2,2024
Italy,2005,1.5951612366334904,509.24687532721504,36952353022.58414,D01,SIPRI Military Expenditure Database v1.2,2024
Italy,2006,1.5143431716684055,505.3031341340429,35755182601.95633,D01,SIPRI Military Expenditure Database v1.2,2024
Italy,2007,1.4409182380745809,543.3199993776964,34734976101.80085,D01,SIPRI Military Expenditure Database v1.2,2024
Italy,2008,1.530051247208464,620.6969003799884,36173072003.3309,D01,SIPRI Military Expenditure Database v1.2,2024
Italy,2009,1.5474890960634724,569.7516718948639,34987437965.09012,D01,SIPRI Military Expenditure Database v1.2,2024
Italy,2010,1.4943131245462222,533.3489716918497,33988356484.02087,D01,SIPRI Military Expenditure Database v1.2,2024
Italy,2011,1.468292205529968,561.0907327561457,33284613325.106316,D01,SIPRI Military Expenditure Database v1.2,2024
Italy,2012,1.4194623854452681,492.69915390513006,30766994624.965633,D01,SIPRI Military Expenditure Database v1.2,2024
Italy,2013,1.3916774766698532,494.19707581485693,29588785952.823734,D01,SIPRI Military Expenditure Database v1.2,2024
Italy,2014,1.250777338331202,447.3016736953887,26768194185.76847,D01,SIPRI Military Expenditure Database v1.2,2024
Italy,2015,1.1790274107564842,358.6529275874872,25645450421.313675,D01,SIPRI Military Expenditure Database v1.2,2024
Italy,2016,1.2965312568499159,403.96771516950815,28933504351.34225,D01,SIPRI Military Expenditure Database v1.2,2024
Italy,2017,1.284728571567785,416.0233412324996,28981203477.18161,D01,SIPRI Military Expenditure Database v1.2,2024
Italy,2018,1.320364164837195,459.1821669686644,30011429997.215473,D01,SIPRI Military Expenditure Database v1.2,2024
Italy,2019,1.2479803962913125,418.5798714871759,28611293162.463165,D01,SIPRI Military Expenditure Database v1.2,2024
Italy,2020,1.6623953398176385,527.0546482191356,35328846417.90257,D01,SIPRI Military Expenditure Database v1.2,2024
Italy,2021,1.6080586704834945,586.0834703498687,37010442221.52641,D01,SIPRI Military Expenditure Database v1.2,2024
Italy,2022,1.6019037546483545,564.1322737863197,36951186563.551346,D01,SIPRI Military Expenditure Database v1.2,2024
Italy,2023,1.533952857406955,596.1370218785487,35923527621.990746,D01,SIPRI Military Expenditure Database v1.2,2024
Italy,2024,1.5897659385982865,636.8210035141504,37849546135.62503,D01,SIPRI Military Expenditure Database v1.2,2024
Italy,2025,1.8887272002891593,812.5425421824896,45440171832.30191,D01,SIPRI Military Expenditure Database v1.2,2024
Morocco,1949,,,,D01,SIPRI Military Expenditure Database v1.2,2024
Morocco,1950,,,,D01,SIPRI Military Expenditure Database v1.2,2024
Morocco,1951,,,,D01,SIPRI Military Expenditure Database v1.2,2024
Morocco,1952,,,,D01,SIPRI Military Expenditure Database v1.2,2024
Morocco,1953,,,,D01,SIPRI Military Expenditure Database v1.2,2024
Morocco,1954,,,,D01,SIPRI Military Expenditure Database v1.2,2024
Morocco,1955,,,,D01,SIPRI Military Expenditure Database v1.2,2024
Morocco,1956,1.1806543385490753,,122299602.78743379,D01,SIPRI Military Expenditure Database v1.2,2024
Morocco,1957,1.7590027700831026,,178287085.3555521,D01,SIPRI Military Expenditure Database v1.2,2024
Morocco,1958,2.141982864137087,,237300898.8318143,D01,SIPRI Military Expenditure Database v1.2,2024
Morocco,1959,2.469733656174334,,276611882.05609554,D01,SIPRI Military Expenditure Database v1.2,2024
Morocco,1960,2.315731573157316,,275975016.46548814,D01,SIPRI Military Expenditure Database v1.2,2024
Morocco,1961,2.7024336283185844,,314738662.5480996,D01,SIPRI Military Expenditure Database v1.2,2024
Morocco,1962,2.565913370998117,,334045258.56098884,D01,SIPRI Military Expenditure Database v1.2,2024
Morocco,1963,3.195615514333895,,439545598.33655995,D01,SIPRI Military Expenditure Database v1.2,2024
Morocco,1964,2.835868694955965,,394901136.47820723,D01,SIPRI Military Expenditure Database v1.2,2024
Morocco,1965,2.4293313069908815,,344440192.78472567,D01,SIPRI Military Expenditure Database v1.2,2024
Morocco,1966,2.677570093457944,,374197634.96918935,D01,SIPRI Military Expenditure Database v1.2,2024
Morocco,1967,2.6176470588235294,,390399616.73560697,D01,SIPRI Military Expenditure Database v1.2,2024
Morocco,1968,3.0045721750489878,,502254664.0192102,D01,SIPRI Military Expenditure Database v1.2,2024
Morocco,1969,2.3902167871039466,,456046801.3702075,D01,SIPRI Military Expenditure Database v1.2,2024
Morocco,1970,2.3160061760164696,,471229582.50999916,D01,SIPRI Military Expenditure Database v1.2,2024
Morocco,1971,2.628624883068288,,565034467.6890799,D01,SIPRI Military Expenditure Database v1.2,2024
Morocco,1972,2.8439153439153437,,624989455.3982731,D01,SIPRI Military Expenditure Database v1.2,2024
Morocco,1973,3.061797752808989,,710313858.1796887,D01,SIPRI Military Expenditure Database v1.2,2024
Morocco,1974,3.145833333333333,,837054091.6207278,D01,SIPRI Military Expenditure Database v1.2,2024
Morocco,1975,4.602912888156087,,1229131054.0097458,D01,SIPRI Military Expenditure Database v1.2,2024
Morocco,1976,6.220434040477932,,1725266594.5872178,D01,SIPRI Military Expenditure Database v1.2,2024
Morocco,1977,6.619774919614148,,1978522850.6753628,D01,SIPRI Military Expenditure Database v1.2,2024
Morocco,1978,5.836808703535811,,1762253143.5121522,D01,SIPRI Military Expenditure Database v1.2,2024
Morocco,1979,5.633462282398453,,1766206962.4911227,D01,SIPRI Military Expenditure Database v1.2,2024
Morocco,1980,5.940072884329869,,2032798775.5690842,D01,SIPRI Military Expenditure Database v1.2,2024
Morocco,1981,6.38459397221449,,2071891239.4523137,D01,SIPRI Military Expenditure Database v1.2,2024
Morocco,1982,6.220868273464159,,2146843565.6727808,D01,SIPRI Military Expenditure Database v1.2,2024
Morocco,1983,4.505658550362107,,1562452843.5407662,D01,SIPRI Military Expenditure Database v1.2,2024
Morocco,1984,4.018190879641166,,1404425360.418849,D01,SIPRI Military Expenditure Database v1.2,2024
Morocco,1985,5.390435226587038,,2011952561.6638129,D01,SIPRI Military Expenditure Database v1.2,2024
Morocco,1986,4.304459557678331,,1761393359.3528838,D01,SIPRI Military Expenditure Database v1.2,2024
Morocco,1987,4.3693147945152795,,1762426100.8729558,D01,SIPRI Military Expenditure Database v1.2,2024
Morocco,1988,4.128515817753167,39.403498038124624,1901985817.782851,D01,SIPRI Military Expenditure Database v1.2,2024
Morocco,1989,4.392917413361616,41.756507306561275,2056709010.306371,D01,SIPRI Military Expenditure Database v1.2,2024
Morocco,1990,4.148825040702435,44.28263961684949,2019764531.2919216,D01,SIPRI Military Expenditure Database v1.2,2024
Morocco,1991,4.142842937403669,46.69532749033763,2121135837.4275777,D01,SIPRI Military Expenditure Database v1.2,2024
Morocco,1992,4.298048278772829,49.134022192324295,2104290057.1116061,D01,SIPRI Military Expenditure Database v1.2,2024
Morocco,1993,4.655571687404759,49.241534848662035,2220130177.0852127,D01,SIPRI Military Expenditure Database v1.2,2024
Morocco,1994,4.4938193888062266,52.90063931964794,2279178270.373446,D01,SIPRI Military Expenditure Database v1.2,2024
Morocco,1995,4.347410493969208,54.8945614493265,2099118731.6957076,D01,SIPRI Military Expenditure Database v1.2,2024
Morocco,1996,3.9490929265743615,54.39305062374045,2093511882.1039364,D01,SIPRI Military Expenditure Database v1.2,2024
Morocco,1997,4.192659406343052,51.865530856380964,2192578235.308862,D01,SIPRI Military Expenditure Database v1.2,2024
Morocco,1998,3.4563343607372983,52.70596374078324,2218724259.9028206,D01,SIPRI Military Expenditure Database v1.2,2024
Morocco,1999,2.900457034069917,43.39244434400132,1879869201.4768708,D01,SIPRI Military Expenditure Database v1.2,2024
Morocco,2000,2.2109622069717316,30.43770679635496,1422605564.6820464,D01,SIPRI Military Expenditure Database v1.2,2024
Morocco,2001,3.7261358827697073,51.37320668645678,2573846993.869378,D01,SIPRI Military Expenditure Database v1.2,2024
Morocco,2002,3.4917879924795585,50.84201819202195,2448857334.6643834,D01,SIPRI Military Expenditure Database v1.2,2024
Morocco,2003,3.494207541512707,61.905277312137834,2593937420.4315886,D01,SIPRI Military Expenditure Database v1.2,2024
Morocco,2004,3.24946757487646,65.11478466367053,2521139826.094718,D01,SIPRI Military Expenditure Database v1.2,2024
Morocco,2005,3.2579967820796774,67.36637083197819,2616337322.896499,D01,SIPRI Military Expenditure Database v1.2,2024
Morocco,2006,3.1097965491689865,69.83613679876446,2641314921.1456165,D01,SIPRI Military Expenditure Database v1.2,2024
Morocco,2007,3.0469536640660233,77.74742706719086,2720119600.8803144,D01,SIPRI Military Expenditure Database v1.2,2024
Morocco,2008,3.183501427557224,93.79940476307034,3034026500.007046,D01,SIPRI Military Expenditure Database v1.2,2024
Morocco,2009,3.288651846468123,96.01946727217796,3240555550.8118405,D01,SIPRI Military Expenditure Database v1.2,2024
Morocco,2010,3.3907961010624197,98.02657109091444,3468080932.319767,D01,SIPRI Military Expenditure Database v1.2,2024
Morocco,2011,3.297495235203524,102.2555342833435,3493363654.7757573,D01,SIPRI Military Expenditure Database v1.2,2024
Morocco,2012,3.462750079315376,102.69045596279139,3744611850.986966,D01,SIPRI Military Expenditure Database v1.2,2024
Morocco,2013,3.805782901206451,121.0887811916603,4278013352.5664134,D01,SIPRI Military Expenditure Database v1.2,2024
Morocco,2014,3.398458641135788,119.07624006803316,4241850237.6372232,D01,SIPRI Military Expenditure Database v1.2,2024
Morocco,2015,2.959997922307278,94.98463851438079,3916396920.060873,D01,SIPRI Military Expenditure Database v1.2,2024
Morocco,2016,2.982118329557532,95.59436760270356,3940261124.2780685,D01,SIPRI Military Expenditure Database v1.2,2024
Morocco,2017,2.945889920314737,99.09089577022091,4056165541.9629173,D01,SIPRI Military Expenditure Database v1.2,2024
Morocco,2018,2.9028887157944405,103.68582974819387,4084498552.291967,D01,SIPRI Military Expenditure Database v1.2,2024
Morocco,2019,2.8657983797857134,102.54826570618026,4170120567.35042,D01,SIPRI Military Expenditure Database v1.2,2024
Morocco,2020,3.9796976425559905,132.70090890242466,5345223510.077302,D01,SIPRI Military Expenditure Database v1.2,2024
Morocco,2021,3.7497561812460485,144.81456886979691,5501517046.167202,D01,SIPRI Military Expenditure Database v1.2,2024
Morocco,2022,3.8048883459726337,134.47739085946208,5467581733.346023,D01,SIPRI Military Expenditure Database v1.2,2024
Morocco,2023,3.5528054154618003,138.28881312035585,5339887523.245404,D01,SIPRI Military Expenditure Database v1.2,2024
Morocco,2024,3.4351036041480487,145.56156589857227,5516970248.606503,D01,SIPRI Military Expenditure Database v1.2,2024
Morocco,2025,3.5431055025931677,165.46135714498286,5881737874.154184,D01,SIPRI Military Expenditure Database v1.2,2024
Spain,1949,,,3165452024.896948,D01,SIPRI Military Expenditure Database v1.2,2024
Spain,1950,,,2967502419.6860394,D01,SIPRI Military Expenditure Database v1.2,2024
Spain,1951,,,2808287744.2485247,D01,SIPRI Military Expenditure Database v1.2,2024
Spain,1952,,,3559375989.4164,D01,SIPRI Military Expenditure Database v1.2,2024
Spain,1953,,,3490008752.2479973,D01,SIPRI Military Expenditure Database v1.2,2024
Spain,1954,2.290867735804451,,3507328247.6852975,D01,SIPRI Military Expenditure Database v1.2,2024
Spain,1955,2.3106999861953295,,3794641774.39585,D01,SIPRI Military Expenditure Database v1.2,2024
Spain,1956,2.2600943345797524,,4026674625.1818886,D01,SIPRI Military Expenditure Database v1.2,2024
Spain,1957,2.2346427648052147,,4213585736.5013843,D01,SIPRI Military Expenditure Database v1.2,2024
Spain,1958,1.9334354890473975,,3696881103.7571845,D01,SIPRI Military Expenditure Database v1.2,2024
Spain,1959,1.9054529403168603,,3522651310.011519,D01,SIPRI Military Expenditure Database v1.2,2024
Spain,1960,2.250747022048475,,4228451885.386303,D01,SIPRI Military Expenditure Database v1.2,2024
Spain,1961,2.0312448260210703,,4261187207.033875,D01,SIPRI Military Expenditure Database v1.2,2024
Spain,1962,2.267745891926042,,5204241184.854812,D01,SIPRI Military Expenditure Database v1.2,2024
Spain,1963,1.9696329195804423,,4902829955.793413,D01,SIPRI Military Expenditure Database v1.2,2024
Spain,1964,1.9305585734709778,,5602371733.092681,D01,SIPRI Military Expenditure Database v1.2,2024
Spain,1965,1.88486682463102,,5620345353.334321,D01,SIPRI Military Expenditure Database v1.2,2024
Spain,1966,2.0796193601582433,,6756098960.89785,D01,SIPRI Military Expenditure Database v1.2,2024
Spain,1967,1.8519569435799799,,6350408875.895741,D01,SIPRI Military Expenditure Database v1.2,2024
Spain,1968,2.2976725193956717,,8412996785.820733,D01,SIPRI Military Expenditure Database v1.2,2024
Spain,1969,2.4341675343793763,,9925112125.613115,D01,SIPRI Military Expenditure Database v1.2,2024
Spain,1970,2.2866162255174856,,10007158593.808338,D01,SIPRI Military Expenditure Database v1.2,2024
Spain,1971,2.1079717457114024,,9618377987.610403,D01,SIPRI Military Expenditure Database v1.2,2024
Spain,1972,2.317782098007652,,11461799069.546568,D01,SIPRI Military Expenditure Database v1.2,2024
Spain,1973,2.11074172547559,,11296240911.880758,D01,SIPRI Military Expenditure Database v1.2,2024
Spain,1974,2.2075639374067877,,12504904456.613132,D01,SIPRI Military Expenditure Database v1.2,2024
Spain,1975,2.0042622333786135,,11400296887.934416,D01,SIPRI Military Expenditure Database v1.2,2024
Spain,1976,2.321046932135358,,13506362519.32042,D01,SIPRI Military Expenditure Database v1.2,2024
Spain,1977,2.314232662894886,,13720761101.837973,D01,SIPRI Military Expenditure Database v1.2,2024
Spain,1978,2.3579573006207335,,14285188493.073895,D01,SIPRI Military Expenditure Database v1.2,2024
Spain,1979,2.4970649013133017,,15299880714.346298,D01,SIPRI Military Expenditure Database v1.2,2024
Spain,1980,2.489895784886008,,15864330038.575487,D01,SIPRI Military Expenditure Database v1.2,2024
Spain,1981,2.582108744834808,,16113290071.00827,D01,SIPRI Military Expenditure Database v1.2,2024
Spain,1982,2.660306745793025,,16687067443.212778,D01,SIPRI Military Expenditure Database v1.2,2024
Spain,1983,2.9362728999186105,,18695239367.194664,D01,SIPRI Military Expenditure Database v1.2,2024
Spain,1984,2.9660055044130207,,19150812501.267807,D01,SIPRI Military Expenditure Database v1.2,2024
Spain,1985,2.9547217081850534,,19481005891.72834,D01,SIPRI Military Expenditure Database v1.2,2024
Spain,1986,2.6250366796807008,,18212300970.45785,D01,SIPRI Military Expenditure Database v1.2,2024
Spain,1987,2.6147006889558027,,19273852842.994297,D01,SIPRI Military Expenditure Database v1.2,2024
Spain,1988,2.489375217229766,228.7568708436378,19486244138.13485,D01,SIPRI Military Expenditure Database v1.2,2024
Spain,1989,2.3596751422500466,238.5563582102926,19381792764.904198,D01,SIPRI Military Expenditure Database v1.2,2024
Spain,1990,2.2933052089801613,299.3942692706975,19660167536.742058,D01,SIPRI Military Expenditure Database v1.2,2024
Spain,1991,2.1291922311280276,298.6697288352635,18894795227.613407,D01,SIPRI Military Expenditure Database v1.2,2024
Spain,1992,2.0428036760102657,311.7423856388317,18432267679.622528,D01,SIPRI Military Expenditure Database v1.2,2024
Spain,1993,2.011871737040501,253.92749137804844,17960389644.195087,D01,SIPRI Military Expenditure Database v1.2,2024
Spain,1994,2.001337402188611,253.84975471821602,18145744864.465523,D01,SIPRI Military Expenditure Database v1.2,2024
Spain,1995,1.9170223946512226,286.2911266562503,18289780242.526928,D01,SIPRI Military Expenditure Database v1.2,2024
Spain,1996,1.814439016154731,281.3277133490062,17712314437.532627,D01,SIPRI Military Expenditure Database v1.2,2024
Spain,1997,1.7228156794418175,244.63963417237494,17539278666.827877,D01,SIPRI Military Expenditure Database v1.2,2024
Spain,1998,1.7573199488612152,255.02403304673783,18406891245.13034,D01,SIPRI Military Expenditure Database v1.2,2024
Spain,1999,1.7552345890065217,272.96051516513637,20227829388.411884,D01,SIPRI Military Expenditure Database v1.2,2024
Spain,2000,1.7255179883945844,251.1299072493015,20905253930.315037,D01,SIPRI Military Expenditure Database v1.2,2024
Spain,2001,1.629584032936135,248.53489776918016,20673247341.885777,D01,SIPRI Military Expenditure Database v1.2,2024
Spain,2002,1.4559737016244367,248.31661421433535,19162806933.935753,D01,SIPRI Military Expenditure Database v1.2,2024
Spain,2003,1.4225443930068078,305.5913018558288,19448469109.255104,D01,SIPRI Military Expenditure Database v1.2,2024
Spain,2004,1.430221179679255,356.0708355012714,20328997980.715,D01,SIPRI Military Expenditure Database v1.2,2024
Spain,2005,1.387177753551221,366.8732767463698,20582113633.533234,D01,SIPRI Military Expenditure Database v1.2,2024
Spain,2006,1.370007461474782,389.3334982697617,21256182705.11333,D01,SIPRI Military Expenditure Database v1.2,2024
Spain,2007,1.3631063122769145,445.1251641780435,22045693068.18828,D01,SIPRI Military Expenditure Database v1.2,2024
Spain,2008,1.3676204845066564,483.69184991376136,21924462982.70566,D01,SIPRI Military Expenditure Database v1.2,2024
Spain,2009,1.3583538369603945,433.79395422613874,21047164381.925278,D01,SIPRI Military Expenditure Database v1.2,2024
Spain,2010,1.381664492709895,421.5800032718491,21183676587.2629,D01,SIPRI Military Expenditure Database v1.2,2024
Spain,2011,1.3257361816803748,419.70917289216834,19542050570.70252,D01,SIPRI Military Expenditure Database v1.2,2024
Spain,2012,1.4169517473580162,400.69566123205885,19763572676.596653,D01,SIPRI Military Expenditure Database v1.2,2024
Spain,2013,1.2661887267806233,367.1296530062458,17242073728.563797,D01,SIPRI Military Expenditure Database v1.2,2024
Spain,2014,1.2462594410312728,367.42549893264123,17216723095.075733,D01,SIPRI Military Expenditure Database v1.2,2024
Spain,2015,1.259692653562834,325.30076237981666,18300594814.59915,D01,SIPRI Military Expenditure Database v1.2,2024
Spain,2016,1.128481068455262,300.2183237924189,16969473014.046373,D01,SIPRI Military Expenditure Database v1.2,2024
Spain,2017,1.2221108284958258,342.9225390699019,18780161922.01066,D01,SIPRI Military Expenditure Database v1.2,2024
Spain,2018,1.2456247587183116,379.6023692259741,19506017419.778614,D01,SIPRI Military Expenditure Database v1.2,2024
Spain,2019,1.2246452528894243,363.924774836992,19695175982.88224,D01,SIPRI Military Expenditure Database v1.2,2024
Spain,2020,1.3557377078215467,366.31840552619207,19701911649.33997,D01,SIPRI Military Expenditure Database v1.2,2024
Spain,2021,1.3668349151823511,418.47249581352605,21080279523.324787,D01,SIPRI Military Expenditure Database v1.2,2024
Spain,2022,1.4319863242197806,433.9780277269291,22690769669.566833,D01,SIPRI Military Expenditure Database v1.2,2024
Spain,2023,1.5349257992430034,518.4448763928117,25573428149.31024,D01,SIPRI Military Expenditure Database v1.2,2024
Spain,2024,1.4603080918003175,525.9190028337564,25199837644.766747,D01,SIPRI Military Expenditure Database v1.2,2024
Spain,2025,2.128921138284213,839.402031341844,37694825160.45751,D01,SIPRI Military Expenditure Database v1.2,2024
United Kingdom,1949,,,,D01,SIPRI Military Expenditure Database v1.2,2024
United Kingdom,1950,7.208432633398426,,37971667162.582794,D01,SIPRI Military Expenditure Database v1.2,2024
United Kingdom,1951,8.295196344942386,,44708690570.36089,D01,SIPRI Military Expenditure Database v1.2,2024
United Kingdom,1952,10.373948836923274,,57192203757.87843,D01,SIPRI Military Expenditure Database v1.2,2024
United Kingdom,1953,10.960455111675001,,63540922573.86434,D01,SIPRI Military Expenditure Database v1.2,2024
United Kingdom,1954,10.056821525260501,,60324418332.17497,D01,SIPRI Military Expenditure Database v1.2,2024
United Kingdom,1955,9.085132371176291,,57437517922.96845,D01,SIPRI Military Expenditure Database v1.2,2024
United Kingdom,1956,8.562547861516613,,56374970071.083664,D01,SIPRI Military Expenditure Database v1.2,2024
United Kingdom,1957,7.986622128696867,,54438304985.60495,D01,SIPRI Military Expenditure Database v1.2,2024
United Kingdom,1958,7.624530162895601,,53011051915.81824,D01,SIPRI Military Expenditure Database v1.2,2024
United Kingdom,1959,7.290602542221393,,52743023044.61675,D01,SIPRI Military Expenditure Database v1.2,2024
United Kingdom,1960,7.092486370822149,,53833577708.1535,D01,SIPRI Military Expenditure Database v1.2,2024
United Kingdom,1961,6.9213875228592165,,53781471586.89179,D01,SIPRI Military Expenditure Database v1.2,2024
United Kingdom,1962,6.944166041059026,,54471921828.33429,D01,SIPRI Military Expenditure Database v1.2,2024
United Kingdom,1963,6.80074341068238,,55402168327.79943,D01,SIPRI Military Expenditure Database v1.2,2024
United Kingdom,1964,6.596056013135159,,56902824878.846016,D01,SIPRI Military Expenditure Database v1.2,2024
United Kingdom,1965,6.436978573401444,,57073175085.135155,D01,SIPRI Military Expenditure Database v1.2,2024
United Kingdom,1966,6.24903679676674,,56768575901.89457,D01,SIPRI Military Expenditure Database v1.2,2024
United Kingdom,1967,6.235703712061695,,58219390328.09166,D01,SIPRI Military Expenditure Database v1.2,2024
United Kingdom,1968,5.941105200312196,,57390097569.14805,D01,SIPRI Military Expenditure Database v1.2,2024
United Kingdom,1969,5.502195638985295,,54234166152.77173,D01,SIPRI Military Expenditure Database v1.2,2024
United Kingdom,1970,5.197413238095656,,55863356252.41635,D01,SIPRI Military Expenditure Database v1.2,2024
United Kingdom,1971,5.07633062254603,,55738278337.81477,D01,SIPRI Military Expenditure Database v1.2,2024
United Kingdom,1972,5.171047755933202,,59288200327.143684,D01,SIPRI Military Expenditure Database v1.2,2024
United Kingdom,1973,4.906161057465107,,59485018183.52413,D01,SIPRI Military Expenditure Database v1.2,2024
United Kingdom,1974,5.069427114905353,,59501218114.15279,D01,SIPRI Military Expenditure Database v1.2,2024
United Kingdom,1975,5.339603439156155,,62512171990.806076,D01,SIPRI Military Expenditure Database v1.2,2024
United Kingdom,1976,5.175503336815538,,61596057489.42732,D01,SIPRI Military Expenditure Database v1.2,2024
United Kingdom,1977,4.9232776210388565,,58907805630.12044,D01,SIPRI Military Expenditure Database v1.2,2024
United Kingdom,1978,4.733043085869931,,60780353731.01977,D01,SIPRI Military Expenditure Database v1.2,2024
United Kingdom,1979,4.679757567475337,,62680325654.772255,D01,SIPRI Military Expenditure Database v1.2,2024
United Kingdom,1980,5.019903458887417,,66837726880.1117,D01,SIPRI Military Expenditure Database v1.2,2024
United Kingdom,1981,4.983763369217456,,65470633300.27111,D01,SIPRI Military Expenditure Database v1.2,2024
United Kingdom,1982,5.381326521154768,,71379263261.57944,D01,SIPRI Military Expenditure Database v1.2,2024
United Kingdom,1983,5.39688559001511,,74553762211.29533,D01,SIPRI Military Expenditure Database v1.2,2024
United Kingdom,1984,5.5080794980595185,,78251205763.21632,D01,SIPRI Military Expenditure Database v1.2,2024
United Kingdom,1985,5.320704619055466,,78986441116.28728,D01,SIPRI Military Expenditure Database v1.2,2024
United Kingdom,1986,5.059823736797281,,78010920724.1824,D01,SIPRI Military Expenditure Database v1.2,2024
United Kingdom,1987,4.686668442605329,,77160304533.2329,D01,SIPRI Military Expenditure Database v1.2,2024
United Kingdom,1988,4.21428762838849,673.4827796861174,74426897127.65182,D01,SIPRI Military Expenditure Database v1.2,2024
United Kingdom,1989,4.040954331564308,655.988579896129,75082144258.986,D01,SIPRI Military Expenditure Database v1.2,2024
United Kingdom,1990,3.983217694585004,760.4173472871868,75189114840.84683,D01,SIPRI Military Expenditure Database v1.2,2024
United Kingdom,1991,4.116802422731712,818.5948227372432,76057621622.72107,D01,SIPRI Military Expenditure Database v1.2,2024
United Kingdom,1992,3.8647177664126264,790.9971119919799,71040029795.21025,D01,SIPRI Military Expenditure Database v1.2,2024
United Kingdom,1993,3.5906495124797875,659.4077157301599,67795053518.449104,D01,SIPRI Military Expenditure Database v1.2,2024
United Kingdom,1994,3.3819337177653197,665.867883958917,65929831758.834114,D01,SIPRI Military Expenditure Database v1.2,2024
United Kingdom,1995,2.8383747469804566,659.2972811313255,61838063045.917885,D01,SIPRI Military Expenditure Database v1.2,2024
United Kingdom,1996,2.7056730537944795,662.3549110654678,61246887305.29656,D01,SIPRI Military Expenditure Database v1.2,2024
United Kingdom,1997,2.5420161245340025,683.3823590836053,59071863498.56532,D01,SIPRI Military Expenditure Database v1.2,2024
United Kingdom,1998,2.4821309955641224,704.3767999512514,59264940120.29672,D01,SIPRI Military Expenditure Database v1.2,2024
United Kingdom,1999,2.406764223601331,694.0207949226095,58949083302.87288,D01,SIPRI Military Expenditure Database v1.2,2024
United Kingdom,2000,2.3537693230013392,667.447701441079,60135948407.64767,D01,SIPRI Military Expenditure Database v1.2,2024
United Kingdom,2001,2.3856244466308927,667.8013073456952,62517677399.4093,D01,SIPRI Military Expenditure Database v1.2,2024
United Kingdom,2002,2.4711470272524245,744.769341857617,66234272382.38306,D01,SIPRI Military Expenditure Database v1.2,2024
United Kingdom,2003,2.5392986931727637,877.1583700780108,70950182982.45851,D01,SIPRI Military Expenditure Database v1.2,2024
United Kingdom,2004,2.479595070784836,1004.7280226512815,71830570374.54474,D01,SIPRI Military Expenditure Database v1.2,2024
United Kingdom,2005,2.4164902995750577,1021.2174957430573,72502185319.36903,D01,SIPRI Military Expenditure Database v1.2,2024
United Kingdom,2006,2.3612687665479544,1055.8715445738385,72834761136.99014,D01,SIPRI Military Expenditure Database v1.2,2024
United Kingdom,2007,2.3655722008020725,1198.5126429038858,74817719006.49132,D01,SIPRI Military Expenditure Database v1.2,2024
United Kingdom,2008,2.4755387471533505,1180.0699028255194,78093209171.05605,D01,SIPRI Military Expenditure Database v1.2,2024
United Kingdom,2009,2.634951178877328,1028.0243494143917,79344439890.31781,D01,SIPRI Military Expenditure Database v1.2,2024
United Kingdom,2010,2.562503919376064,1019.6378793027376,78010827666.27191,D01,SIPRI Military Expenditure Database v1.2,2024
United Kingdom,2011,2.488033265320056,1052.2157069837735,75373476963.28099,D01,SIPRI Military Expenditure Database v1.2,2024
United Kingdom,2012,2.406592807186236,1026.6654096321904,73280472203.76147,D01,SIPRI Military Expenditure Database v1.2,2024
United Kingdom,2013,2.2824404450323965,994.8457215820855,70601376078.85126,D01,SIPRI Military Expenditure Database v1.2,2024
United Kingdom,2014,2.169862186917687,1036.9160849283273,69339029155.91367,D01,SIPRI Military Expenditure Database v1.2,2024
United Kingdom,2015,2.0366178462082263,921.203958914175,66673576448.77536,D01,SIPRI Military Expenditure Database v1.2,2024
United Kingdom,2016,1.9715134838795765,812.388419995924,66441138190.49641,D01,SIPRI Military Expenditure Database v1.2,2024
United Kingdom,2017,1.9363233839812855,787.2973011325029,66562525716.34221,D01,SIPRI Military Expenditure Database v1.2,2024
United Kingdom,2018,1.9273135107082051,838.7738575769569,67063507101.25866,D01,SIPRI Military Expenditure Database v1.2,2024
United Kingdom,2019,1.9684761520505683,845.0489748946073,69849363213.0092,D01,SIPRI Military Expenditure Database v1.2,2024
United Kingdom,2020,2.1414233404872176,866.9847640849762,70958870289.73651,D01,SIPRI Military Expenditure Database v1.2,2024
United Kingdom,2021,2.0391788845251035,966.2833382953635,72051035691.8993,D01,SIPRI Military Expenditure Database v1.2,2024
United Kingdom,2022,2.0117668908714936,942.5761937691736,73189310425.5568,D01,SIPRI Military Expenditure Database v1.2,2024
United Kingdom,2023,2.1518152555732177,1075.483996398218,78166946746.81274,D01,SIPRI Military Expenditure Database v1.2,2024
United Kingdom,2024,2.4367191195539086,1303.1137621410014,89814565861.93604,D01,SIPRI Military Expenditure Database v1.2,2024
United Kingdom,2025,2.3532641541251778,1282.959075084092,87984552148.87294,D01,SIPRI Military Expenditure Database v1.2,2024
United States,1949,5.272020054522638,,181095545959.6162,D01,SIPRI Military Expenditure Database v1.2,2024
United States,1950,5.081963440097969,,194625019220.71317,D01,SIPRI Military Expenditure Database v1.2,2024
United States,1951,10.16702117011775,,416423766190.09076,D01,SIPRI Military Expenditure Database v1.2,2024
United States,1952,13.860080995553655,,586599335395.1831,D01,SIPRI Military Expenditure Database v1.2,2024
United States,1953,13.580272460420412,,603952749134.2905,D01,SIPRI Military Expenditure Database v1.2,2024
United States,1954,11.736595527128474,,521100554146.1824,D01,SIPRI Military Expenditure Database v1.2,2024
United States,1955,10.156244863598452,,493268108422.9999,D01,SIPRI Military Expenditure Database v1.2,2024
United States,1956,9.90101162224892,,499722011991.578,D01,SIPRI Military Expenditure Database v1.2,2024
United States,1957,9.992439485157588,,513981069566.0227,D01,SIPRI Military Expenditure Database v1.2,2024
United States,1958,10.071763987009115,,510931921473.33936,D01,SIPRI Military Expenditure Database v1.2,2024
United States,1959,9.438772963973731,,514510561636.8587,D01,SIPRI Military Expenditure Database v1.2,2024
United States,1960,8.993124587152781,,501847374073.1077,D01,SIPRI Military Expenditure Database v1.2,2024
United States,1961,9.156031500171231,,523074471740.20496,D01,SIPRI Military Expenditure Database v1.2,2024
United States,1962,9.331672945458426,,566782247310.8689,D01,SIPRI Military Expenditure Database v1.2,2024
United States,1963,8.831891186180178,,559063795262.9474,D01,SIPRI Military Expenditure Database v1.2,2024
United States,1964,8.051281105728403,,540424602736.18555,D01,SIPRI Military Expenditure Database v1.2,2024
United States,1965,7.587247177226024,,542791512305.2778,D01,SIPRI Military Expenditure Database v1.2,2024
United States,1966,8.435300285945074,,641790290590.4203,D01,SIPRI Military Expenditure Database v1.2,2024
United States,1967,9.417795932551371,,736820082445.6812,D01,SIPRI Military Expenditure Database v1.2,2024
United States,1968,9.268454274687926,,760483615919.3042,D01,SIPRI Military Expenditure Database v1.2,2024
United States,1969,8.633263795091036,,727077144872.1099,D01,SIPRI Military Expenditure Database v1.2,2024
United States,1970,8.032743584040851,,673817935496.0863,D01,SIPRI Military Expenditure Database v1.2,2024
United States,1971,6.9430696093606095,,606251812105.3875,D01,SIPRI Military Expenditure Database v1.2,2024
United States,1972,6.5197569243471625,,605379877601.7635,D01,SIPRI Military Expenditure Database v1.2,2024
United States,1973,5.893870591167396,,575307827681.0786,D01,SIPRI Military Expenditure Database v1.2,2024
United States,1974,5.954111196760147,,567795531528.7722,D01,SIPRI Military Expenditure Database v1.2,2024
United States,1975,5.622679096133358,,536613265510.9749,D01,SIPRI Military Expenditure Database v1.2,2024
United States,1976,5.191071429025547,,522016128927.3461,D01,SIPRI Military Expenditure Database v1.2,2024
United States,1977,5.155617351271249,,541716856920.9804,D01,SIPRI Military Expenditure Database v1.2,2024
United States,1978,4.943087247916881,,545143719774.7057,D01,SIPRI Military Expenditure Database v1.2,2024
United States,1979,4.951991535272649,,548272460224.7528,D01,SIPRI Military Expenditure Database v1.2,2024
United States,1980,5.153537466516365,,547007220510.534,D01,SIPRI Military Expenditure Database v1.2,2024
United States,1981,5.646541256242576,,609290880509.5402,D01,SIPRI Military Expenditure Database v1.2,2024
United States,1982,6.814057094412844,,720586051292.8795,D01,SIPRI Military Expenditure Database v1.2,2024
United States,1983,6.321144259767165,,703680561391.9985,D01,SIPRI Military Expenditure Database v1.2,2024
United States,1984,6.236416529638966,,740140206552.3877,D01,SIPRI Military Expenditure Database v1.2,2024
United States,1985,6.453219204668603,,793443883696.8157,D01,SIPRI Military Expenditure Database v1.2,2024
United States,1986,6.626522657898423,,845889775997.4619,D01,SIPRI Military Expenditure Database v1.2,2024
United States,1987,6.420274022884877,,838949286130.0872,D01,SIPRI Military Expenditure Database v1.2,2024
United States,1988,6.071277702094799,1252.3177319228205,821399244456.2322,D01,SIPRI Military Expenditure Database v1.2,2024
United States,1989,5.871206008046527,1289.963914963991,814459973745.3693,D01,SIPRI Military Expenditure Database v1.2,2024
United States,1990,5.605175294387942,1291.0452904393896,780581096431.3726,D01,SIPRI Military Expenditure Database v1.2,2024
United States,1991,4.883429397763131,1174.4133860754011,689542055790.2782,D01,SIPRI Military Expenditure Database v1.2,2024
United States,1992,4.9704668076828415,1259.6730512432307,726638016409.7493,D01,SIPRI Military Expenditure Database v1.2,2024
United States,1993,4.604350295076444,1212.6397831783986,687750928050.1191,D01,SIPRI Military Expenditure Database v1.2,2024
United States,1994,4.215264675177903,1166.6107376323941,651998965640.133,D01,SIPRI Military Expenditure Database v1.2,2024
United States,1995,3.8602457917389046,1108.6247431085048,609028632155.5363,D01,SIPRI Military Expenditure Database v1.2,2024
United States,1996,3.554982206352185,1068.314857979321,575900836492.0784,D01,SIPRI Military Expenditure Database v1.2,2024
United States,1997,3.4055622441885482,1077.1308205051,572921648281.0033,D01,SIPRI Military Expenditure Database v1.2,2024
United States,1998,3.2015584989699613,1059.0869068303296,559984947754.8694,D01,SIPRI Military Expenditure Database v1.2,2024
United States,1999,3.085676783247462,1074.3033057809191,561362981729.2582,D01,SIPRI Military Expenditure Database v1.2,2024
United States,2000,3.1122421469767914,1142.7835702373084,583086559859.2584,D01,SIPRI Military Expenditure Database v1.2,2024
United States,2001,3.1238098026670253,1172.977347440567,587822184904.8981,D01,SIPRI Military Expenditure Database v1.2,2024
United States,2002,3.4476180992877845,1324.758716165509,660012010870.6779,D01,SIPRI Military Expenditure Database v1.2,2024
United States,2003,3.827161044736226,1527.0584313710317,751202668834.8472,D01,SIPRI Military Expenditure Database v1.2,2024
United States,2004,4.016312736406917,1692.2246789505791,818750899893.239,D01,SIPRI Military Expenditure Database v1.2,2024
United States,2005,4.089231875245079,1812.1338693245332,856461670150.6235,D01,SIPRI Military Expenditure Database v1.2,2024
United States,2006,4.041342301660379,1878.6954698827217,868803049526.6781,D01,SIPRI Military Expenditure Database v1.2,2024
United States,2007,4.07335051467688,1963.5358798993545,891986056027.2832,D01,SIPRI Military Expenditure Database v1.2,2024
United States,2008,4.4465955215626085,2164.5044187389612,956872416366.1141,D01,SIPRI Military Expenditure Database v1.2,2024
United States,2009,4.875768358797736,2303.0068842979363,1032168251444.5778,D01,SIPRI Military Expenditure Database v1.2,2024
United States,2010,4.904023005958347,2384.2977289233386,1061674332654.6005,D01,SIPRI Military Expenditure Database v1.2,2024
United States,2011,4.822441976004523,2406.5639751555973,1049102957691.518,D01,SIPRI Military Expenditure Database v1.2,2024
United States,2012,4.4617099699335,2297.775479708336,990830740118.3298,D01,SIPRI Military Expenditure Database v1.2,2024
United States,2013,4.023705604381548,2131.7910822330196,914617188399.8602,D01,SIPRI Military Expenditure Database v1.2,2024
United States,2014,3.6789181738764505,2014.2530881709174,858357126067.1958,D01,SIPRI Military Expenditure Database v1.2,2024
United States,2015,3.4644929256427663,1952.478865135083,838865060269.9279,D01,SIPRI Military Expenditure Database v1.2,2024
United States,2016,3.4026023357511765,1953.015754996636,836290948695.9133,D01,SIPRI Military Expenditure Database v1.2,2024
United States,2017,3.2977234873791965,1955.5076596003978,827674265624.2814,D01,SIPRI Military Expenditure Database v1.2,2024
United States,2018,3.3040005391034963,2045.3759102149877,852585045910.8627,D01,SIPRI Military Expenditure Database v1.2,2024
United States,2019,3.40921408383721,2182.7045217776645,901032119457.5771,D01,SIPRI Military Expenditure Database v1.2,2024
United States,2020,3.641576369415299,2295.1926262673333,943446577992.5706,D01,SIPRI Military Expenditure Database v1.2,2024
United States,2021,3.398138103344754,2373.150629675683,933334480458.0521,D01,SIPRI Military Expenditure Database v1.2,2024
United States,2022,3.303415625692068,2527.0402436024274,922552524154.6383,D01,SIPRI Military Expenditure Database v1.2,2024
United States,2023,3.2936524102586713,2674.6899419822926,943032784456.6409,D01,SIPRI Military Expenditure Database v1.2,2024
United States,2024,3.4299288721725185,2917.157015046454,1004901000000.0,D01,SIPRI Military Expenditure Database v1.2,2024
United States,2025,3.1173079810605935,2755.369008091466,929162895237.3268,D01,SIPRI Military Expenditure Database v1.2,2024
