event_date,event_title,topic,evidence_level,source_url,notes
2022-04-18,"Citizen Lab (Universidad de Toronto) publica el informe ""CatalanGate"": identifica hasta 65 víctimas de espionaje con Pegasus y Candiru",Pegasus,Información periodística,https://citizenlab.ca/2022/04/catalangate-extensive-mercenary-spyware-operation-against-catalans-using-pegasus-candiru/,"63 víctimas con Pegasus y 4 con Candiru, entre 2017 y 2020. El informe no atribuye el ataque a un actor concreto de forma concluyente."
2022-04-18,"Citizen Lab señala un ""vínculo circunstancial sólido"" con el Gobierno de España, sin atribución concluyente",Pegasus,Atribución,https://citizenlab.ca/2022/04/catalangate-extensive-mercenary-spyware-operation-against-catalans-using-pegasus-candiru/,"Cita literal del informe: 'circumstantial evidence shows a strong link to the Government of Spain'. No es una prueba judicial ni una condena."
2022-05-05,El CNI admite ante el Parlamento español haber espiado con autorización judicial a personas del entorno independentista catalán,Pegasus,Hecho confirmado,https://www.elnacional.cat/es/politica/cni-espiado-independentismo-aval-judicial_752346_102.html,"Admisión oficial parcial: 29 casos con aval judicial, frente a los 65 identificados por Citizen Lab."
2022-05-10,"El Gobierno cesa a la directora del CNI, Paz Esteban, tras el escándalo Pegasus",Pegasus,Información periodística,https://www.tagesschau.de/ausland/europa/spanien-geheimdienst-pegasus-101.html,"Paz Esteban reconoció después ante el Congreso que el CNI, con autorización judicial, infectó los dispositivos investigados con Pegasus."
2021-07-18,"El consorcio Forbidden Stories (Pegasus Project) revela una lista de más de 50.000 números de posible interés para clientes de NSO Group; Marruecos figura entre los presuntos clientes señalados por la investigación",Pegasus,Atribución,https://en.wikipedia.org/wiki/Pegasus_Project_(investigation),"Marruecos ha negado categóricamente usar Pegasus contra Francia, España u otros países. Estar en la lista no prueba una infección confirmada ni una condena."
2024-01-01,"Una investigación de seguimiento vincula al CNI con el uso de los mismos dominios de internet en el espionaje con Pegasus contra independentistas catalanes",Pegasus,Información periodística,https://www.elnacional.cat/en/politics/spanish-intelligence-internet-domain-mass-spying-catalan-independentists_1194257_102.html,"Fecha exacta del día no especificada en la fuente consultada; seguimiento posterior del caso CatalanGate."
2021-04-01,"España acoge la hospitalización del líder del Frente Polisario, Brahim Ghali, por covid-19, bajo identidad falsa",Frontera,Información periodística,https://en.wikipedia.org/wiki/Spain%E2%80%93Morocco_relations,"Detonante de la crisis diplomática que precedió a la entrada masiva en Ceuta un mes después. Fecha exacta del día no especificada en la fuente consultada."
2021-05-17,"Comienza la entrada masiva a Ceuta: unas 10.000 personas cruzan a nado o vadeando en tres días, tras la retirada de controles fronterizos marroquíes",Frontera,Hecho confirmado,https://www.hrw.org/world-report/2022/country-chapters/spain,"Entre 1.500 y 3.000 menores estimados. Marruecos no reconoció oficialmente haber abierto la frontera ni lo negó de forma activa."
2021-05-17,"Circulan mensajes de audio en WhatsApp y Telegram, en darija y francés, afirmando que la frontera estaba abierta e incitando a cruzar de inmediato",Frontera,Hipótesis,,"Ampliamente reportado por prensa y por verificadores como Maldita.es y Newtral.es, pero no se ha podido confirmar en esta investigación una URL primaria concreta de un artículo de verificación. Debe sustituirse por la fuente original antes de citarlo como hecho confirmado."
2021-08-13,"El Defensor del Pueblo español ordena el cese inmediato de las devoluciones de menores extranjeros no acompañados en Ceuta",Frontera,Hecho confirmado,https://www.defensordelpueblo.es/resoluciones/devolucion-sin-procedimiento-de-menores-extranjeros-no-acompanados-en-ceuta/,"Un tribunal local ordenó detener las devoluciones el 16 de agosto, tras constatar que continuaron pese a esta resolución."
2022-06-23,"Autoridades marroquíes dan un ultimátum de 24 horas a personas migrantes asentadas en los montes de Nador para abandonar la zona",Frontera,Hecho confirmado,https://www.lighthousereports.com/investigation/reconstructing-the-melilla-massacre/,"El ultimátum actuó como catalizador del intento masivo de cruce del día siguiente, según los 40 testimonios recabados por Lighthouse Reports."
2022-06-24,"Mueren al menos 23 personas migrantes (Marruecos: 27; Caminando Fronteras: hasta 37) al intentar cruzar la valla de Melilla junto a entre 1.300 y 2.000 personas",Frontera,Hecho confirmado,https://www.hrw.org/news/2022/06/29/morocco/spain-horrific-migrant-deaths-melilla-border,"Guardia Civil y fuerzas marroquíes colaboraron en unas 470 devoluciones en caliente, según la reconstrucción forense de Lighthouse Reports."
2022-06-25,"ACNUR y la OIM lamentan la pérdida de vidas en la valla de Nador-Melilla y piden a las autoridades priorizar la seguridad de las personas migrantes y refugiadas",Frontera,Información oficial,https://www.acnur.org/es-es/noticias/news-releases/acnur-y-la-oim-lamentan-la-perdida-de-vidas-en-la-valla-fronteriza-de-nador,""
2020-12-10,"Trump anuncia el acuerdo de normalización de relaciones entre Israel y Marruecos",Alianza,Hecho confirmado,https://en.wikipedia.org/wiki/Israel%E2%80%93Morocco_normalization_agreement,""
2020-12-22,"Firma de la Declaración Tripartita (Marruecos, EE. UU. e Israel) y primer vuelo comercial de El Al entre Israel y Marruecos",Alianza,Hecho confirmado,https://en.wikipedia.org/wiki/Israel%E2%80%93Morocco_normalization_agreement,"A bordo del primer vuelo viajaron Jared Kushner y el consejero de seguridad nacional israelí, Meir Ben-Shabbat."
2020-12-24,"EE. UU. reconoce la soberanía marroquí sobre el Sáhara Occidental mediante una proclamación presidencial",Alianza,Hecho confirmado,https://www.federalregister.gov/documents/2020/12/24/2020-28946/recognizing-moroccan-sovereignty-over-the-western-sahara,"España, la UE y la ONU no reconocieron este paso. La ministra española Arancha González Laya lo rechazó explícitamente en su momento."
2021-11-01,"Marruecos e Israel firman su primer acuerdo de defensa bilateral",Alianza,Hecho confirmado,https://en.wikipedia.org/wiki/Morocco%E2%80%93Israel_relations,"Fecha exacta del día no especificada en la fuente consultada."
2022-03-14,"Pedro Sánchez envía una carta al rey Mohammed VI respaldando el plan de autonomía marroquí para el Sáhara Occidental, girando la posición histórica de España",Alianza,Hecho confirmado,https://en.wikipedia.org/wiki/Spain%E2%80%93Morocco_relations,"Cambio unilateral de España respecto a la posición común de la UE, criticado por Unidas Podemos (socio de gobierno) y por parte de la oposición."
2023-01-01,"Marruecos e Israel firman memorandos de cooperación en aeronáutica, inteligencia artificial, seguridad militar y ciberseguridad",Alianza,Información periodística,https://en.wikipedia.org/wiki/Morocco%E2%80%93Israel_relations,"Fecha exacta del día no especificada en la fuente consultada."
2011-10-05,"El secretario de Defensa de EE. UU., Leon Panetta, anuncia el despliegue de 4 destructores Aegis en Rota dentro del Enfoque Adaptativo Europeo por Fases de la OTAN",OTAN,Hecho confirmado,https://en.wikipedia.org/wiki/Naval_Station_Rota,""
2022-06-29,"La Cumbre de la OTAN en Madrid aprueba un nuevo Concepto Estratégico que define a Rusia como ""la amenaza más significativa y directa"" y acuerda ampliar de 4 a 6 los destructores Aegis en Rota, con 600 militares adicionales",OTAN,Hecho confirmado,https://en.wikipedia.org/wiki/2022_Madrid_NATO_summit,""
2023-05-01,"Se firma el acuerdo de extensión que amplía a 6 los destructores Aegis desplegados en la Base Naval de Rota",OTAN,Hecho confirmado,https://en.wikipedia.org/wiki/Naval_Station_Rota,"Fecha exacta del día no especificada en la fuente consultada."
