profile,category,equipment_or_model,price_range_eur,source_status,notes
Perfil con fusil G36,Fusil,HK G36E - Heckler & Koch,~1200,Estimacion aportada para el proyecto,"Precio no oficial; no representa contrato publico."
Perfil con fusil G36,Cargador,Cargador G36 - 30 cartuchos,~15-30,Estimacion aportada para el proyecto,"Precio no oficial."
Perfil con fusil G36,Municion,5.56x45 mm,~0.50-1 por cartucho,Estimacion aportada para el proyecto,"Precio no oficial; no se incluyen existencias."
Perfil con fusil G36,Mochila,Equipo individual de carga,~100-250,Estimacion aportada para el proyecto,"Precio no oficial."
Perfil ametrallador,Ametralladora,HK MG4E - Heckler & Koch,~7000,Estimacion aportada para el proyecto,"Precio no oficial."
Perfil ametrallador,Alimentacion,Cinta - 50 cartuchos,~20-40,Estimacion aportada para el proyecto,"Precio no oficial."
Perfil ametrallador,Municion,5.56x45 mm,~0.50-1 por cartucho,Estimacion aportada para el proyecto,"Precio no oficial; no se incluyen existencias."
Perfil ametrallador,Mochila,Equipo de carga reforzado,~150-300,Estimacion aportada para el proyecto,"Precio no oficial."
Perfil tirador de precision,Fusil,Fusil de precision,~6000,Estimacion aportada para el proyecto,"Precio no oficial."
Perfil tirador de precision,Optica,Mira telescopica,~1500-4000,Estimacion aportada para el proyecto,"Precio no oficial."
Perfil tirador de precision,Cargador,Cargador del fusil,~50-150,Estimacion aportada para el proyecto,"Precio no oficial."
Perfil tirador de precision,Municion,Municion de precision,~10-30 por cartucho,Estimacion aportada para el proyecto,"Precio no oficial; no se incluyen existencias."
Perfil tirador de precision,Mochila,Equipo de observacion y carga,~200-400,Estimacion aportada para el proyecto,"Precio no oficial."
Perfil paracaidista,Fusil,HK G36 / variante - Heckler & Koch,~1200,Estimacion aportada para el proyecto,"Precio no oficial."
Perfil paracaidista,Cargador,Cargador G36 - 30 cartuchos,~15-30,Estimacion aportada para el proyecto,"Precio no oficial."
Perfil paracaidista,Municion,5.56x45 mm,~0.50-1 por cartucho,Estimacion aportada para el proyecto,"Precio no oficial; no se incluyen existencias."
Perfil paracaidista,Salto,Sistema de paracaidismo BRIPAC,No publicado,Estimacion aportada para el proyecto,"No se publica un precio verificable."
Perfil paracaidista,Salto,Arnes y equipo especifico de salto,No publicado,Estimacion aportada para el proyecto,"No se publica un precio verificable."
Perfil paracaidista,Mochila,Equipo aerotransportable,~150-300,Estimacion aportada para el proyecto,"Precio no oficial."
Perfil paracaidista,Comunicaciones,Harris 117 / Harris 5800 / SpearNet,No publicado,Estimacion aportada para el proyecto,"No se publica un precio verificable."
Perfil con fusil G36E,Fusil,HK G36 / variante - Heckler & Koch,~1200,Estimacion aportada para el proyecto,"Precio no oficial; no representa contrato publico."
Perfil con fusil G36E,Cargador,Cargador G36 - 30 cartuchos,~15-30,Estimacion aportada para el proyecto,"Precio no oficial."
Perfil con fusil G36E,Municion,5.56x45 mm,~0.50-1 por cartucho,Estimacion aportada para el proyecto,"Precio no oficial; no se incluyen existencias."
Perfil con fusil G36E,Mochila,Equipo individual de carga,~100-250,Estimacion aportada para el proyecto,"Precio no oficial."
