region,country_or_mission,mission,period,public_context,framework,source_url,notes
Europa,Letonia,Flanco Este OTAN,2017 - Actualidad,"Refuerzo de la defensa del flanco oriental mediante presencia multinacional.",OTAN,https://emad.defensa.gob.es/operaciones/operaciones-en-el-exterior/,"Vigente en el listado EMAD de 2026."
Europa,Rumania,Flanco Este OTAN,2022 - Actualidad,"Refuerzo de la presencia aliada y capacidades aereas.",OTAN,https://emad.defensa.gob.es/operaciones/operaciones-en-el-exterior/,"Vigente en el listado EMAD de 2026."
Europa,Eslovaquia,Flanco Este OTAN,2022 - Actualidad,"Espana participa y lidera el grupo multinacional de la OTAN.",OTAN,https://emad.defensa.gob.es/operaciones/operaciones-en-el-exterior/,"Vigente en el listado EMAD de 2026."
Europa,Turquia,Persistent Effort,2015 - Actualidad,"Contribucion espanola a la defensa aerea aliada.",OTAN,https://emad.defensa.gob.es/operaciones/operaciones-en-el-exterior/,"Vigente en el listado EMAD de 2026."
Asia,Irak,NATO Mission Iraq,2015 - Actualidad,"Formacion y asesoramiento de las fuerzas de seguridad iraquies.",OTAN,https://emad.defensa.gob.es/operaciones/operaciones-en-el-exterior/,"EMAD cita NMI en Irak para 2026."
Asia,Libano,UNIFIL,2006 - Actualidad,"Mantenimiento de la paz y apoyo al cumplimiento de la Resolucion 1701.",ONU,https://emad.defensa.gob.es/operaciones/operaciones-en-el-exterior/,"Vigente en el listado EMAD de 2026."
America Central y del Sur,Colombia,Mision ONU,2016 - Actualidad,"Observacion y verificacion del proceso de paz.",ONU,https://emad.defensa.gob.es/operaciones/operaciones-en-el-exterior/,"Vigente en el listado EMAD de 2026."
Europa,Bosnia-Herzegovina,EUFOR Althea,2004 - Actualidad,"Contribucion a la estabilidad y seguridad del pais.",Union Europea,https://emad.defensa.gob.es/operaciones/operaciones-en-el-exterior/,"Vigente en el listado EMAD de 2026."
Maritimo,Mediterraneo,Sea Guardian,2016 - Actualidad,"Vigilancia maritima y lucha contra amenazas terroristas.",OTAN,https://emad.defensa.gob.es/operaciones/operaciones-en-el-exterior/,"Vigente en el listado EMAD de 2026."
Maritimo,Atlantico y Mediterraneo,SNMG / SNMCMG,Permanente - Actualidad,"Participacion en agrupaciones navales permanentes de la OTAN.",OTAN,https://emad.defensa.gob.es/operaciones/operaciones-en-el-exterior/,"Fila agrupada: incluye dos agrupaciones navales."
Maritimo,Oceano Indico,EUNAVFOR Atalanta,2008 - Actualidad,"Lucha contra la pirateria y proteccion del trafico maritimo.",Union Europea,https://emad.defensa.gob.es/operaciones/operaciones-en-el-exterior/,"Vigente en el listado EMAD de 2026."
Africa,Somalia,EUTM Somalia,2010 - Actualidad,"Formacion y asesoramiento de las fuerzas somalies.",Union Europea,https://emad.defensa.gob.es/operaciones/operaciones-en-el-exterior/,"Vigente en el listado EMAD de 2026."
Africa,Mozambique,EUMAM Mozambique,2022 - Actualidad,"Apoyo a la formacion y capacidades de las fuerzas mozambiquenas.",Union Europea,https://emad.defensa.gob.es/operaciones/operaciones-en-el-exterior/,"Vigente en el listado EMAD de 2026."
Africa,Africa Occidental,Cooperacion militar,Variable - Actualidad,"Cooperacion, formacion y apoyo militar con paises socios.",Otros marcos,https://emad.defensa.gob.es/operaciones/operaciones-en-el-exterior/,"Vigente en el listado EMAD de 2026."
Maritimo,Golfo de Guinea,Presencias Maritimas Coordinadas UE,2021 - Actualidad,"Cooperacion y seguridad maritima en la region.",Otros marcos,https://emad.defensa.gob.es/operaciones/operaciones-en-el-exterior/,"Vigente en el listado EMAD de 2026."
