service,category,system_or_family,public_role,public_status,official_source_url,accessed_on,notes
Ejercito de Tierra,Armamento ligero,G36E,Fusil de asalto individual,Publicado como material,https://ejercito.defensa.gob.es/materiales/,2026-08-23,"La ficha institucional debe consultarse para especificaciones; este catalogo no representa cantidades ni disponibilidad."
Ejercito de Tierra,Carros y vehiculos,Leopardo 2E,Carro de combate,Publicado como material,https://ejercito.defensa.gob.es/materiales/,2026-08-23,"No se incluyen ubicaciones de unidades ni inventario operativo."
Ejercito de Tierra,Carros y vehiculos,Pizarro,Vehiculo de combate de infanteria,Publicado como material,https://ejercito.defensa.gob.es/materiales/,2026-08-23,"Distinguir las versiones en servicio de los programas de modernizacion."
Ejercito de Tierra,Carros y vehiculos,VCR 8x8 Dragon,Vehiculo blindado polivalente,Programa de modernizacion y entregas,https://www.defensa.gob.es/defensa/programas/,2026-08-23,"No confundir programa, contrato y vehiculos entregados."
Ejercito de Tierra,Carros y vehiculos,Centauro,Vehiculo de combate con armamento de apoyo,Publicado como material,https://ejercito.defensa.gob.es/materiales/,2026-08-23,"La denominacion y versiones deben contrastarse en la ficha oficial."
Ejercito de Tierra,Artilleria,SIAC 155/52,Artilleria de campana,Publicado como material,https://ejercito.defensa.gob.es/materiales/,2026-08-23,"Sin cantidades ni localizacion de piezas."
Ejercito de Tierra,Artilleria,M109 A5E,Artilleria autopropulsada,Publicado como material,https://ejercito.defensa.gob.es/materiales/,2026-08-23,"Sin cantidades ni localizacion de piezas."
Ejercito de Tierra,Artilleria,L118,Artilleria remolcada,Publicado como material,https://ejercito.defensa.gob.es/materiales/,2026-08-23,"Sin cantidades ni localizacion de piezas."
Ejercito de Tierra,Armamento contracarro,Spike,Arma guiada contracarro,Publicado como material,https://ejercito.defensa.gob.es/materiales/,2026-08-23,"No se incluyen existencias, alcance o despliegue."
Ejercito de Tierra,Armamento contracarro,TOW,Arma guiada contracarro,Publicado como material,https://ejercito.defensa.gob.es/materiales/,2026-08-23,"No se incluyen existencias, alcance o despliegue."
Ejercito de Tierra,Armamento contracarro,C-90 y Alcotan,Armamento contracarro de infanteria,Publicado como material,https://ejercito.defensa.gob.es/materiales/,2026-08-23,"Se agrupan como familia de referencia; consultar fichas separadas."
Ejercito de Tierra,Defensa antiaerea,Patriot,Defensa aerea terrestre,Publicado como material,https://ejercito.defensa.gob.es/materiales/,2026-08-23,"No se incluyen nivel de alerta, bateria, municion o despliegue."
Ejercito de Tierra,Defensa antiaerea,NASAMS,Defensa aerea terrestre,Publicado como material,https://ejercito.defensa.gob.es/materiales/,2026-08-23,"No se incluyen nivel de alerta, bateria, municion o despliegue."
Ejercito de Tierra,Defensa antiaerea,Mistral,Defensa aerea de muy corto alcance,Publicado como material,https://ejercito.defensa.gob.es/materiales/,2026-08-23,"No se incluyen existencias ni despliegue."
Ejercito de Tierra,Defensa antiaerea,35/90,Artilleria antiaerea,Publicado como material,https://ejercito.defensa.gob.es/materiales/,2026-08-23,"No se incluyen existencias ni despliegue."
Ejercito de Tierra,Aviacion de ejercito,"Tigre, NH90, Chinook y Super Puma",Helicopteros de apoyo y maniobra,Publicado como material,https://ejercito.defensa.gob.es/materiales/,2026-08-23,"Catalogo de familias; no representa aeronaves disponibles."
