name,service,city,region,latitude,longitude,public_role,source_url,source_date,notes
Base Naval de Casablanca,Armada Real,Casablanca,Casablanca-Settat,33.6062,-7.6114,Base naval principal y sede de mando naval,https://en.wikipedia.org/wiki/Royal_Moroccan_Navy,2026-08-24,"Ubicacion por municipio de referencia; la fuente no detalla instalaciones, buques asignados ni actividad."
Base Naval de Agadir,Armada Real,Agadir,Souss-Massa,30.4278,-9.5981,Base naval en el Atlantico sur,https://en.wikipedia.org/wiki/Royal_Moroccan_Navy,2026-08-24,"Ubicacion por municipio de referencia; sin datos de disponibilidad ni despliegue."
Base Naval de Dakhla,Armada Real,Dajla,Dajla-Rio de Oro,23.6848,-15.9570,Base naval en el litoral del Sahara Occidental,https://en.wikipedia.org/wiki/Royal_Moroccan_Navy,2026-08-24,"Territorio no autonomo segun Naciones Unidas y en disputa; punto de referencia geografico, no posicion tactica."
Base Naval de Al Hoceima,Armada Real,Al Hoceima,Tanger-Tetuan-Alhucemas,35.2500,-3.9333,Base naval en el Mediterraneo,https://en.wikipedia.org/wiki/Royal_Moroccan_Navy,2026-08-24,"Ubicacion por municipio de referencia; sin datos de despliegue."
Base Naval de Ksar Sghir / Tanger,Armada Real,Tanger,Tanger-Tetuan-Alhucemas,35.8500,-5.5667,Base naval junto al estrecho de Gibraltar,https://en.wikipedia.org/wiki/Royal_Moroccan_Navy,2026-08-24,"Punto de referencia geografico proximo al estrecho; sin informacion de actividad naval."
Cuartel General de las Fuerzas Armadas Reales,Fuerzas Armadas Reales,Rabat,Rabat-Sale-Kenitra,34.0209,-6.8417,Mando y administracion central de las Fuerzas Armadas,https://en.wikipedia.org/wiki/Royal_Moroccan_Armed_Forces,2026-08-24,"Sede institucional en la capital; no es una base operativa."
Base Aerea de Kenitra,Fuerzas Reales Aereas,Kenitra,Rabat-Sale-Kenitra,34.2989,-6.5967,Base aerea heredada de la presencia francesa y estadounidense,https://en.wikipedia.org/wiki/Royal_Moroccan_Air_Force,2026-08-24,"Sin datos de escuadrones, aeronaves asignadas ni actividad actual."
Base Aerea de Ben Guerir,Fuerzas Reales Aereas,Ben Guerir,Marrakech-Safi,32.2364,-7.9525,Base aerea,https://en.wikipedia.org/wiki/Royal_Moroccan_Air_Force,2026-08-24,"Ubicacion de referencia; sin inventario ni actividad operativa."
Base Aerea de Sidi Slimane,Fuerzas Reales Aereas,Sidi Slimane,Rabat-Sale-Kenitra,34.2661,-5.9256,Base aerea,https://en.wikipedia.org/wiki/Royal_Moroccan_Air_Force,2026-08-24,"Ubicacion de referencia; sin inventario ni actividad operativa."
