id,source,coverage_or_use,url,data_type,evidence_level,accessed_on,notes
D01,SIPRI Military Expenditure Database,"Military expenditure, 1949-2025",https://www.sipri.org/databases/milex,Excel dataset,Información oficial,2026-08-18,"Use for comparable international spending. Do not equate with national budget appropriations."
D02,SIPRI Arms Transfers Database,"Major conventional arms transfers, 1950-2025",https://www.sipri.org/databases/armstransfers,Database export,Información oficial,2026-08-18,"SIPRI TIV is not a contract price or defence budget."
D03,NATO Defence Expenditure,"Allied defence expenditure and methodology",https://www.nato.int/en/what-we-do/introduction-to-nato/defence-expenditures-and-natos-5-commitment,Reports and tables,Información oficial,2026-08-18,"Keep NATO methodology separate from SIPRI methodology."
D04,World Bank World Development Indicators,"GDP and population for normalisation",https://data.worldbank.org/,API and CSV,Información oficial,2026-08-18,"Record the indicator code and extraction date in processed metadata."
D07,Spanish Ministry of Interior,"Irregular immigration balance no. 15: 1 January to 15 August 2026",https://www.interior.gob.es/opencms/export/sites/default/.galleries/galeria-de-prensa/documentos-y-multimedia/balances-e-informes/2026/15_informe_quincenal_acumulado_01-01_al_15-08-2026.pdf,PDF report,Información oficial,2026-08-21,"The map uses the provisional cumulative total of arrivals by land to Ceuta and Melilla. It does not treat arrivals as attempts or interceptions."
D09,CIS Barometers,"Public opinion and institutional confidence",https://www.cis.es/es/barometros/detalle-resultados,Microdata and questionnaires,Información oficial,2026-08-18,"Store study number, fieldwork date, sample and exact question wording."
D10,INCIBE,"Cybersecurity reports and recommendations",https://www.incibe.es/,Reports,Información oficial,2026-08-18,"Use comparable reporting periods only."
D11,CCN-CERT,"Public-sector cybersecurity reports",https://www.ccn-cert.cni.es/,Reports,Información oficial,2026-08-18,"Use only public material and preserve publication date."
D12,ENISA Publications,"European cybersecurity threat landscape",https://www.enisa.europa.eu/publications,Reports,Información oficial,2026-08-18,"Use for European context; it is not a complete count of Spanish incidents."
D13,Spanish Civil Protection,"Civil protection and self-protection guidance",https://www.proteccioncivil.es/,Guidance,Información oficial,2026-08-18,"The preparedness index in this project remains experimental."
D15,NATO Ballistic Missile Defence,"NATO BMD architecture and Rota",https://www.nato.int/en/what-we-do/deterrence-and-defence/ballistic-missile-defence,Institutional documentation,Hecho confirmado,2026-08-18,"NATO states Spain hosts four US BMD-capable Aegis ships at Rota."
D16,Spanish Ministry of Defence / DGAM,"Defence programmes and armament material",https://www.defensa.gob.es/,Institutional documentation,Información oficial,2026-08-23,"Use to identify programmes and systems. It does not by itself establish an annual amount paid."
D17,Spanish Ministry of Finance / PGE,"General State Budget appropriations",https://www.sepg.pap.hacienda.gob.es/,Budget documentation,Información oficial,2026-08-23,"Use appropriations by programme and economic chapter. Verify whether each 2024-2025 amount is a budget, extension, or modification."
D18,IGAE,"Budget execution and General State Administration accounts",https://www.igae.pap.hacienda.gob.es/,Execution accounts,Información oficial,2026-08-23,"Use recognised obligations and payments when available; do not substitute appropriations for execution."
D19,Public Sector Procurement Platform,"Tender and contract records",https://contrataciondelestado.es/wps/portal/plataforma,Procurement database,Información oficial,2026-08-23,"Use each procurement file to identify object, award amount, contractor and date. An award is not necessarily a payment."
D20,Spanish Army materials catalogue,"Publicly described equipment categories and material systems",https://ejercito.defensa.gob.es/materiales/,Institutional catalogue,Información oficial,2026-08-23,"Use to identify equipment and public role. Do not infer stock, readiness, unit assignment, ammunition, or deployment."
D21,Ministry of Defence special modernisation programmes,"Modernisation and acquisition programmes",https://www.defensa.gob.es/defensa/programas/,Institutional catalogue,Información oficial,2026-08-23,"A programme is not proof that a system has been delivered or is available in a specific unit."
D22,Directorate-General for Armament and Material,"Programme acquisition, modernisation and sustainment functions",https://www.defensa.gob.es/ministerio/organigrama/sedef/dgam/sdgprogramas/,Institutional documentation,Información oficial,2026-08-23,"Use to contextualise programme management; consult primary documents for individual values and dates."
D23,Spanish Ministry of Defence - Armed Forces institutional pages,"Major Navy bases and institutional missions",https://www.defensa.gob.es/fuerzasarmadas/ar/,Institutional documentation,Información oficial,2026-08-23,"The January 2026 archived page names Rota, Ferrol, San Fernando, Cartagena and Las Palmas as the main Navy bases. The dashboard maps only municipality reference points."
D24,EMAD and Spanish Army institutional pages,"Senior military leadership",https://emad.defensa.gob.es/emad/,Institutional documentation,Información oficial,2026-08-23,"Leadership is time-sensitive. The dashboard records the source date and shows only officeholders confirmed by an archived 2026 institutional page."
D25,Spanish Ministry of Defence - Reservistas Voluntarios,"Public definition of voluntary reservists",https://www.defensa.gob.es/fuerzasarmadas/rv/,Institutional documentation,Información oficial,2026-08-23,"The public page defines the programme and eligibility range but does not provide a current total of reservists."
D26,Spanish Ministry of Defence,"Personnel increase objective and 2026 recruitment offer",https://www.defensa.gob.es/gabinete/notasPrensa/2026/01/DGC-260115-incremento-efectivos.html,Press release and official document,Información oficial,2026-08-23,"The 127,500 figure is a 2029 objective; 11,913 is an offer of 2026 places. Neither is a current headcount."
D27,Spanish Air and Space Force,"Gando transition from F/A-18 to Eurofighter",https://ejercitodelaireydelespacio.defensa.gob.es/EA/ejercitodelaire/es/Actualidad/Noticias/Noticia/f2dc247f-714d-11f1-bea0-005056a2cb59/,Institutional news,Información oficial,2026-08-23,"The transition update does not establish national fleet size, readiness, or deployment."
D28,Spanish Ministry of Defence Statistics,"Military personnel and reserve statistics",https://www.defensa.gob.es/defensa/estadisticas/,Institutional statistics,Información oficial,2026-08-23,"Use the dated statistical publication for current personnel and reservist totals. Do not treat an estimate as an official total."
D29,EMAD Operations Abroad,"Public information about international operations",https://emad.defensa.gob.es/operaciones/operaciones-en-el-exterior/,Institutional operations page,Información oficial,2026-08-23,"Use the current mission page to verify mandate and public context. Do not infer live positions, strength, or activity."
D30,EMAD,"Atlantic 26 deployment composition",https://emad.defensa.gob.es/prensa/noticias/2026/06/Listado/260602-ni-inicio-despliegue-atlantico.html,Institutional news,Información oficial,2026-08-23,"The reported composition applies only to Atlantic 26 at publication; it is not an inventory or real-time force status."
D31,Spanish Army,"International missions map and Antarctic campaign",https://ejercito.defensa.gob.es/misiones/,Institutional mission map,Información oficial,2026-08-24,"The institutional map combines current and historical missions. Verify current deployments with EMAD before presenting them as active."
D32,EMAD,"Operations abroad planned for 2026",https://emad.defensa.gob.es/operaciones/operaciones-en-el-exterior/,Institutional operations page,Información oficial,2026-08-24,"EMAD states 17 missions with an average of 3,000 deployed personnel. It identifies two UN missions, NATO and EU contributions, and Iraq support under the international coalition."
D33,Spanish Navy Fleet,"Surface ships, submarines and naval roles",https://armada.defensa.gob.es/ArmadaPortal/page/Portal/ArmadaEspannola/buquessuperficie/prefLang-es/,Institutional fleet catalogue,Información oficial,2026-08-24,"Use for publicly stated vessel roles. Do not infer current location, tasking, readiness, or deployment."
D34,User-provided individual equipment ranges,"Five individual equipment profiles and estimated retail ranges",,User-provided estimates,Estimación,2026-08-24,"Prices are not official procurement values, contract values, or inventory figures. They must be replaced with primary procurement documentation to support cost claims."
